INSERT INTO PARENT (ID, NAME, EMAIL, CREATED_DATE, UPDATED_DATE)
VALUES(1, '아빠', 'father@gmail.com', CURRENT_TIMESTAMP, CURRENT_TIMESTAMP);

INSERT INTO PARENT (ID, NAME, EMAIL, CREATED_DATE, UPDATED_DATE)
VALUES(2, '엄마', 'father@gmail.com', CURRENT_TIMESTAMP, CURRENT_TIMESTAMP);

INSERT INTO STORE (ID, NAME, ADDRESS, CREATED_DATE, UPDATED_DATE)
VALUES(1, '잠실점', '서울시 잠실', CURRENT_TIMESTAMP, CURRENT_TIMESTAMP);

INSERT INTO STORE (ID, NAME, ADDRESS, CREATED_DATE, UPDATED_DATE)
VALUES(2, '일산점', '경기도 일산', CURRENT_TIMESTAMP, CURRENT_TIMESTAMP);

INSERT INTO STORE (ID, NAME, ADDRESS, CREATED_DATE, UPDATED_DATE)
VALUES(3, '판교점', '경기도 판교', CURRENT_TIMESTAMP, CURRENT_TIMESTAMP);

INSERT INTO PLAY_CLASS (ID, NAME, MAX_STUDENT_CNT, CREATED_DATE, UPDATED_DATE)
VALUES(1, '도시농부', 20, CURRENT_TIMESTAMP, CURRENT_TIMESTAMP);

INSERT INTO PLAY_CLASS (ID, NAME, MAX_STUDENT_CNT, CREATED_DATE, UPDATED_DATE)
VALUES(2, '드로잉', 10, CURRENT_TIMESTAMP, CURRENT_TIMESTAMP);

INSERT INTO PLAY_CLASS (ID, NAME, MAX_STUDENT_CNT, CREATED_DATE, UPDATED_DATE)
VALUES(3, '오감 놀이', 2, CURRENT_TIMESTAMP, CURRENT_TIMESTAMP);

INSERT INTO STORE_PLAY_CLASS (ID, STORE_ID, PLAY_CLASS_ID, CREATED_DATE, UPDATED_DATE)
VALUES(1, 1, 1, CURRENT_TIMESTAMP, CURRENT_TIMESTAMP);

INSERT INTO STORE_PLAY_CLASS (ID, STORE_ID, PLAY_CLASS_ID, CREATED_DATE, UPDATED_DATE)
VALUES(2, 1, 2, CURRENT_TIMESTAMP, CURRENT_TIMESTAMP);

INSERT INTO STORE_PLAY_CLASS (ID, STORE_ID, PLAY_CLASS_ID, CREATED_DATE, UPDATED_DATE)
VALUES(3, 1, 3, CURRENT_TIMESTAMP, CURRENT_TIMESTAMP);

INSERT INTO STORE_PLAY_CLASS (ID, STORE_ID, PLAY_CLASS_ID, CREATED_DATE, UPDATED_DATE)
VALUES(4, 2, 1, CURRENT_TIMESTAMP, CURRENT_TIMESTAMP);

INSERT INTO STORE_PLAY_CLASS (ID, STORE_ID, PLAY_CLASS_ID, CREATED_DATE, UPDATED_DATE)
VALUES(5, 2, 2, CURRENT_TIMESTAMP, CURRENT_TIMESTAMP);

INSERT INTO STORE_PLAY_CLASS (ID, STORE_ID, PLAY_CLASS_ID, CREATED_DATE, UPDATED_DATE)
VALUES(6, 2, 3, CURRENT_TIMESTAMP, CURRENT_TIMESTAMP);

INSERT INTO STORE_PLAY_CLASS (ID, STORE_ID, PLAY_CLASS_ID, CREATED_DATE, UPDATED_DATE)
VALUES(7, 2, 1, CURRENT_TIMESTAMP, CURRENT_TIMESTAMP);

INSERT INTO STORE_PLAY_CLASS (ID, STORE_ID, PLAY_CLASS_ID, CREATED_DATE, UPDATED_DATE)
VALUES(8, 2, 2, CURRENT_TIMESTAMP, CURRENT_TIMESTAMP);

INSERT INTO STORE_PLAY_CLASS (ID, STORE_ID, PLAY_CLASS_ID, CREATED_DATE, UPDATED_DATE)
VALUES(9, 2, 3, CURRENT_TIMESTAMP, CURRENT_TIMESTAMP);

INSERT INTO APPLY_PLAY_CLASS (PARENT_ID, STORE_PLAYCLASS_ID, APPLY_CHILD_CNT, STATUS, APPLY_DATE, CREATED_DATE, UPDATED_DATE)
VALUES(2, 1, 2, 'APPLY', '2024-03-22', CURRENT_TIMESTAMP, CURRENT_TIMESTAMP);

INSERT INTO APPLY_PLAY_CLASS (PARENT_ID, STORE_PLAYCLASS_ID, APPLY_CHILD_CNT, STATUS, APPLY_DATE, CREATED_DATE, UPDATED_DATE)
VALUES(2, 1, 2, 'CANCEL', '2024-03-22', CURRENT_TIMESTAMP, CURRENT_TIMESTAMP);